ID,CPU_LOAD,MEMORY_LOAD,DELAY,ERROR_1000,ERROR_1001,ERROR_1002,ERROR_1003,ROOT_CAUSE
1,0,0,0,0,1,0,1,MEMORY
2,0,0,0,0,0,0,1,MEMORY
3,0,1,1,0,0,1,1,MEMORY
4,0,1,0,1,1,0,1,MEMORY
5,1,1,0,1,0,1,0,NETWORK_DELAY
6,0,0,1,1,0,0,0,NETWORK_DELAY
7,1,0,0,1,1,0,0,NETWORK_DELAY
8,0,0,0,1,1,0,1,DATABASE_ISSUE
9,0,1,0,0,1,0,1,MEMORY
10,0,0,0,1,1,0,1,NETWORK_DELAY
11,1,0,0,0,0,0,1,MEMORY
12,1,0,1,0,0,0,0,DATABASE_ISSUE
13,0,1,0,0,0,1,1,MEMORY
14,0,1,1,0,0,1,0,DATABASE_ISSUE
15,1,0,1,0,1,0,0,NETWORK_DELAY
16,1,0,0,0,1,0,1,MEMORY
17,0,1,0,0,0,1,1,MEMORY
18,0,1,0,1,0,0,1,MEMORY
19,0,1,1,0,0,1,0,NETWORK_DELAY
20,0,1,0,0,0,0,0,MEMORY
21,0,1,1,1,1,0,0,NETWORK_DELAY
22,1,0,0,0,0,0,0,MEMORY
23,1,1,0,0,1,0,1,MEMORY
24,0,1,1,0,0,0,1,MEMORY
25,0,0,1,1,1,0,0,NETWORK_DELAY
26,0,1,0,0,0,1,1,MEMORY
27,0,1,0,0,0,0,1,MEMORY
28,0,0,1,0,0,1,0,NETWORK_DELAY
29,0,0,1,1,0,1,0,NETWORK_DELAY
30,0,0,0,0,0,0,1,MEMORY
31,1,1,0,0,0,0,0,DATABASE_ISSUE
32,1,1,1,0,0,1,1,MEMORY
33,1,1,0,0,0,1,1,MEMORY
34,1,1,1,1,0,0,0,NETWORK_DELAY
35,0,0,0,0,0,0,1,MEMORY
36,1,0,0,1,1,1,1,DATABASE_ISSUE
37,0,1,1,0,0,0,1,MEMORY
38,1,0,1,0,0,1,0,DATABASE_ISSUE
39,1,0,0,1,1,1,0,DATABASE_ISSUE
40,0,0,1,1,1,0,0,NETWORK_DELAY
41,1,0,0,0,1,0,1,NETWORK_DELAY
42,1,0,1,0,0,1,0,DATABASE_ISSUE
43,0,0,0,0,0,1,0,MEMORY
44,1,0,0,0,1,1,0,DATABASE_ISSUE
45,0,1,1,1,1,0,0,NETWORK_DELAY
46,0,0,1,0,0,0,0,NETWORK_DELAY
47,0,1,0,1,1,0,0,NETWORK_DELAY
48,1,1,1,1,1,1,0,DATABASE_ISSUE
49,0,0,1,0,0,0,0,NETWORK_DELAY
50,1,0,0,0,0,1,0,DATABASE_ISSUE
51,0,0,0,0,0,0,1,MEMORY
52,1,0,0,1,1,1,1,DATABASE_ISSUE
53,1,0,0,0,0,1,0,DATABASE_ISSUE
54,1,0,0,0,1,1,1,DATABASE_ISSUE
55,0,0,1,1,1,0,0,NETWORK_DELAY
56,0,1,0,1,0,1,0,MEMORY
57,0,0,1,0,1,0,1,NETWORK_DELAY
58,0,1,1,1,0,0,1,MEMORY
59,1,0,0,0,0,1,0,DATABASE_ISSUE
60,1,0,0,0,1,1,0,DATABASE_ISSUE
61,0,0,1,1,1,0,0,NETWORK_DELAY
62,1,1,0,0,0,1,1,MEMORY
63,1,0,0,0,0,1,0,DATABASE_ISSUE
64,0,1,0,0,0,1,1,MEMORY
65,0,1,1,1,0,1,1,NETWORK_DELAY
66,0,0,0,0,0,0,1,MEMORY
67,1,1,0,1,0,1,0,DATABASE_ISSUE
68,1,0,0,0,0,1,1,DATABASE_ISSUE
69,0,1,0,0,0,1,1,MEMORY
70,0,0,1,1,0,0,0,NETWORK_DELAY
71,1,1,0,1,1,0,1,MEMORY
72,1,1,1,0,0,1,0,DATABASE_ISSUE
73,0,1,0,0,0,0,1,MEMORY
74,1,1,0,0,1,0,1,DATABASE_ISSUE
75,0,0,1,1,1,0,0,NETWORK_DELAY
76,0,1,0,0,0,0,1,MEMORY
77,1,1,1,1,0,0,0,NETWORK_DELAY
78,1,0,1,1,1,0,0,NETWORK_DELAY
79,1,0,1,1,1,0,0,NETWORK_DELAY
80,0,0,1,1,0,0,0,NETWORK_DELAY
81,1,0,1,1,1,0,0,NETWORK_DELAY
82,1,1,0,1,0,1,1,MEMORY
83,0,0,1,1,1,0,0,NETWORK_DELAY
84,0,1,1,0,1,0,1,MEMORY
85,1,0,0,1,0,0,0,NETWORK_DELAY
86,0,0,1,0,0,1,0,NETWORK_DELAY
87,1,1,0,0,0,1,0,DATABASE_ISSUE
88,0,1,0,1,1,0,1,MEMORY
89,0,1,1,0,1,1,1,MEMORY
90,1,0,0,0,0,1,0,DATABASE_ISSUE
91,0,1,0,0,1,0,1,MEMORY
92,0,0,0,0,1,0,0,MEMORY
93,0,1,1,0,1,0,1,MEMORY
94,0,1,0,0,0,0,0,MEMORY
95,0,1,0,0,1,0,1,MEMORY
96,0,0,1,1,1,0,0,NETWORK_DELAY
97,1,0,0,0,0,0,0,DATABASE_ISSUE
98,0,0,0,0,0,0,0,MEMORY
99,1,1,0,1,0,1,1,MEMORY
100,1,1,0,0,1,1,0,MEMORY
101,0,1,0,0,0,0,1,MEMORY
102,0,1,0,1,0,1,1,MEMORY
103,0,0,0,0,0,0,0,NETWORK_DELAY
104,1,0,0,0,1,1,0,DATABASE_ISSUE
105,0,0,0,1,0,0,1,MEMORY
106,0,0,1,1,1,0,0,NETWORK_DELAY
107,0,0,1,1,0,0,0,NETWORK_DELAY
108,1,1,0,0,0,1,0,DATABASE_ISSUE
109,1,0,0,0,0,1,0,DATABASE_ISSUE
110,1,1,1,0,1,0,1,MEMORY
111,0,0,1,1,0,1,0,NETWORK_DELAY
112,0,0,1,1,0,0,0,NETWORK_DELAY
113,0,1,0,0,1,0,0,NETWORK_DELAY
114,1,1,0,0,1,1,0,DATABASE_ISSUE
115,1,1,1,0,0,1,0,DATABASE_ISSUE
116,1,0,0,0,1,1,0,DATABASE_ISSUE
117,0,1,0,0,0,0,0,MEMORY
118,0,0,0,0,1,0,1,MEMORY
119,0,1,0,1,1,0,1,MEMORY
120,0,0,1,1,1,1,1,NETWORK_DELAY
121,0,1,0,1,0,1,0,MEMORY
122,1,1,0,0,1,0,0,DATABASE_ISSUE
123,1,0,1,0,0,1,0,NETWORK_DELAY
124,1,0,0,0,1,1,0,DATABASE_ISSUE
125,1,0,0,0,0,1,0,DATABASE_ISSUE
126,0,0,1,1,1,0,0,NETWORK_DELAY
127,0,1,1,0,1,0,0,NETWORK_DELAY
128,0,0,0,0,1,0,0,NETWORK_DELAY
129,0,1,0,0,0,0,0,MEMORY
130,1,0,0,0,0,1,0,DATABASE_ISSUE
131,0,0,1,1,1,0,0,NETWORK_DELAY
132,1,0,0,0,0,0,0,MEMORY
133,1,0,1,0,0,1,0,DATABASE_ISSUE
134,1,0,0,0,1,0,0,DATABASE_ISSUE
135,0,0,0,0,1,0,1,DATABASE_ISSUE
136,1,1,0,0,1,1,1,DATABASE_ISSUE
137,1,0,0,0,1,0,0,DATABASE_ISSUE
138,0,0,1,1,0,1,1,NETWORK_DELAY
139,0,1,1,0,1,0,1,MEMORY
140,0,1,0,1,1,0,0,MEMORY
141,0,0,1,1,1,1,0,NETWORK_DELAY
142,0,1,0,1,1,1,0,DATABASE_ISSUE
143,0,1,1,0,0,1,0,DATABASE_ISSUE
144,1,1,1,0,1,0,1,MEMORY
145,1,0,0,0,1,1,1,DATABASE_ISSUE
146,0,0,1,1,0,0,0,NETWORK_DELAY
147,1,1,0,1,0,0,1,MEMORY
148,0,0,1,1,1,0,0,NETWORK_DELAY
149,1,0,1,0,0,1,0,DATABASE_ISSUE
150,0,0,1,1,0,0,0,NETWORK_DELAY
151,0,0,1,1,0,1,0,NETWORK_DELAY
152,0,1,0,0,0,1,1,MEMORY
153,1,1,1,1,0,1,1,DATABASE_ISSUE
154,0,0,1,0,0,0,1,NETWORK_DELAY
155,0,0,0,1,1,1,0,DATABASE_ISSUE
156,0,0,0,0,0,1,0,DATABASE_ISSUE
157,1,0,0,1,1,1,0,DATABASE_ISSUE
158,0,0,0,1,0,0,1,NETWORK_DELAY
159,0,1,1,0,1,0,0,NETWORK_DELAY
160,0,1,0,0,1,0,1,MEMORY
161,0,0,1,1,0,1,0,NETWORK_DELAY
162,0,0,1,1,0,0,0,NETWORK_DELAY
163,1,0,1,1,1,0,1,NETWORK_DELAY
164,0,0,0,0,1,1,0,DATABASE_ISSUE
165,1,0,1,1,1,0,0,NETWORK_DELAY
166,0,0,0,1,1,0,1,NETWORK_DELAY
167,0,1,0,0,0,0,1,MEMORY
168,1,0,0,0,0,1,0,DATABASE_ISSUE
169,0,1,0,0,0,0,1,MEMORY
170,0,1,0,0,0,0,0,MEMORY
171,1,1,1,1,0,1,0,DATABASE_ISSUE
172,0,1,1,0,1,1,1,MEMORY
173,0,1,0,1,0,0,0,NETWORK_DELAY
174,0,1,1,1,0,0,1,MEMORY
175,0,1,1,0,0,0,1,MEMORY
176,1,0,0,0,0,0,0,DATABASE_ISSUE
177,0,1,1,1,0,0,1,MEMORY
178,0,1,0,0,1,1,0,MEMORY
179,1,1,0,0,0,0,1,MEMORY
180,0,0,0,0,1,1,0,DATABASE_ISSUE
181,0,0,1,0,0,0,0,NETWORK_DELAY
182,0,1,1,0,0,1,1,MEMORY
183,1,1,0,0,1,1,0,DATABASE_ISSUE
184,1,0,0,0,1,1,0,DATABASE_ISSUE
185,1,0,0,0,1,1,1,MEMORY
186,1,0,0,0,1,1,0,DATABASE_ISSUE
187,0,1,1,0,0,1,0,MEMORY
188,0,0,1,1,0,0,0,NETWORK_DELAY
189,0,0,1,1,1,1,0,DATABASE_ISSUE
190,0,1,0,0,0,0,1,MEMORY
191,1,1,0,0,1,0,1,MEMORY
192,1,1,0,0,0,0,1,MEMORY
193,0,0,1,1,1,0,1,NETWORK_DELAY
194,1,0,1,0,1,0,1,MEMORY
195,1,0,1,1,1,0,0,NETWORK_DELAY
196,1,0,0,1,1,1,1,DATABASE_ISSUE
197,1,0,0,0,1,0,0,DATABASE_ISSUE
198,1,1,0,0,1,0,0,DATABASE_ISSUE
199,1,1,0,0,1,1,1,DATABASE_ISSUE
200,0,0,0,1,0,0,0,MEMORY
201,1,0,0,1,1,1,0,DATABASE_ISSUE
202,0,0,0,1,1,0,0,NETWORK_DELAY
203,1,1,0,0,0,0,0,MEMORY
204,0,1,0,0,1,0,1,MEMORY
205,1,1,0,0,1,1,0,DATABASE_ISSUE
206,1,0,0,0,0,0,0,NETWORK_DELAY
207,1,0,0,1,1,1,0,DATABASE_ISSUE
208,1,0,0,0,0,0,1,MEMORY
209,1,0,0,0,1,1,0,MEMORY
210,0,1,0,0,1,1,0,DATABASE_ISSUE
211,1,0,0,0,1,1,1,DATABASE_ISSUE
212,0,1,0,0,1,1,0,DATABASE_ISSUE
213,0,0,1,1,1,1,1,NETWORK_DELAY
214,1,0,1,0,1,1,0,DATABASE_ISSUE
215,1,0,0,0,1,1,0,DATABASE_ISSUE
216,1,0,0,0,0,1,0,DATABASE_ISSUE
217,1,1,1,0,0,0,1,MEMORY
218,0,0,1,1,1,0,0,NETWORK_DELAY
219,1,0,0,0,0,1,0,DATABASE_ISSUE
220,1,0,0,0,1,0,0,MEMORY
221,1,0,0,0,1,1,0,DATABASE_ISSUE
222,1,0,0,1,1,1,0,DATABASE_ISSUE
223,0,0,1,0,1,0,1,NETWORK_DELAY
224,0,1,0,0,0,0,1,MEMORY
225,0,0,0,1,0,0,1,NETWORK_DELAY
226,0,0,1,1,0,1,0,NETWORK_DELAY
227,0,0,0,0,1,1,0,DATABASE_ISSUE
228,1,1,0,0,1,0,1,MEMORY
229,1,0,0,1,0,1,0,DATABASE_ISSUE
230,0,0,1,1,0,0,0,NETWORK_DELAY
231,0,1,1,1,1,1,0,NETWORK_DELAY
232,0,0,1,0,1,0,0,NETWORK_DELAY
233,1,0,0,0,0,0,0,DATABASE_ISSUE
234,1,0,0,0,1,0,0,DATABASE_ISSUE
235,0,0,1,1,0,0,0,NETWORK_DELAY
236,0,0,0,0,1,0,0,NETWORK_DELAY
237,0,1,1,1,0,1,1,NETWORK_DELAY
238,1,1,0,0,1,0,1,MEMORY
239,1,1,1,1,1,0,1,MEMORY
240,1,1,0,0,1,1,1,MEMORY
241,1,0,1,1,0,0,0,NETWORK_DELAY
242,1,1,0,1,0,1,1,DATABASE_ISSUE
243,0,0,1,1,1,0,0,NETWORK_DELAY
244,1,0,0,1,1,0,1,DATABASE_ISSUE
245,0,0,1,1,1,0,1,NETWORK_DELAY
246,1,0,0,0,0,1,0,DATABASE_ISSUE
247,0,0,1,1,0,0,0,NETWORK_DELAY
248,0,1,0,0,0,0,0,MEMORY
249,1,0,0,0,0,1,1,DATABASE_ISSUE
250,0,1,0,0,0,0,1,MEMORY
251,0,0,1,1,0,0,1,NETWORK_DELAY
252,0,1,0,0,0,1,0,MEMORY
253,0,1,0,0,0,0,1,NETWORK_DELAY
254,0,0,1,0,0,0,0,NETWORK_DELAY
255,1,1,0,0,0,1,1,MEMORY
256,0,1,1,1,1,0,0,NETWORK_DELAY
257,1,0,0,1,1,1,1,DATABASE_ISSUE
258,1,1,1,1,0,0,0,DATABASE_ISSUE
259,1,0,1,1,0,0,0,NETWORK_DELAY
260,0,0,1,0,1,0,0,NETWORK_DELAY
261,1,1,0,0,1,0,0,MEMORY
262,1,0,0,0,0,0,1,MEMORY
263,1,0,0,0,0,0,0,DATABASE_ISSUE
264,0,0,0,0,1,0,0,DATABASE_ISSUE
265,1,1,1,0,0,1,0,DATABASE_ISSUE
266,1,1,0,0,1,0,0,MEMORY
267,1,0,0,0,1,0,0,DATABASE_ISSUE
268,1,1,1,1,1,1,0,NETWORK_DELAY
269,0,0,1,1,0,0,1,NETWORK_DELAY
270,0,0,0,0,0,0,0,MEMORY
271,1,0,0,0,1,1,0,DATABASE_ISSUE
272,0,0,0,1,0,1,0,NETWORK_DELAY
273,0,0,1,0,0,1,0,NETWORK_DELAY
274,1,1,0,0,1,0,1,DATABASE_ISSUE
275,1,0,0,0,1,0,0,DATABASE_ISSUE
276,1,1,1,0,0,1,1,DATABASE_ISSUE
277,0,0,1,1,0,1,0,NETWORK_DELAY
278,1,0,0,1,1,1,1,NETWORK_DELAY
279,1,0,0,0,1,0,0,DATABASE_ISSUE
280,0,1,1,1,0,1,1,NETWORK_DELAY
281,1,1,0,0,1,1,1,MEMORY
282,0,0,1,0,1,1,0,NETWORK_DELAY
283,0,0,0,0,0,1,0,DATABASE_ISSUE
284,1,0,0,1,1,1,0,DATABASE_ISSUE
285,0,0,1,1,0,1,1,NETWORK_DELAY
286,1,1,0,0,0,0,0,DATABASE_ISSUE
287,0,0,1,1,0,0,0,NETWORK_DELAY
288,0,0,1,1,1,1,0,NETWORK_DELAY
289,1,1,1,1,1,0,0,NETWORK_DELAY
290,1,1,0,1,0,1,0,DATABASE_ISSUE
291,1,1,0,1,1,1,0,DATABASE_ISSUE
292,1,0,0,1,1,1,0,DATABASE_ISSUE
293,0,0,0,0,0,0,1,DATABASE_ISSUE
294,1,1,0,0,1,0,1,MEMORY
295,0,1,1,0,1,0,0,MEMORY
296,0,0,0,0,0,0,1,DATABASE_ISSUE
297,0,0,0,1,0,0,0,NETWORK_DELAY
298,1,1,1,0,0,0,0,MEMORY
299,0,1,1,1,1,0,0,NETWORK_DELAY
300,1,0,0,0,1,1,0,DATABASE_ISSUE
301,0,0,0,0,1,0,1,MEMORY
302,0,0,0,0,0,0,1,MEMORY
303,0,1,1,0,0,1,1,MEMORY
304,0,1,0,1,1,0,1,MEMORY
305,1,1,0,1,0,1,0,NETWORK_DELAY
306,0,0,1,1,0,0,0,NETWORK_DELAY
307,1,0,0,1,1,0,0,NETWORK_DELAY
308,0,0,0,1,1,0,1,DATABASE_ISSUE
309,0,1,0,0,1,0,1,MEMORY
310,0,0,0,1,1,0,1,NETWORK_DELAY
311,1,0,0,0,0,0,1,MEMORY
312,1,0,1,0,0,0,0,DATABASE_ISSUE
313,0,1,0,0,0,1,1,MEMORY
314,0,1,1,0,0,1,0,DATABASE_ISSUE
315,1,0,1,0,1,0,0,NETWORK_DELAY
316,1,0,0,0,1,0,1,MEMORY
317,0,1,0,0,0,1,1,MEMORY
318,0,1,0,1,0,0,1,MEMORY
319,0,1,1,0,0,1,0,NETWORK_DELAY
320,0,1,0,0,0,0,0,MEMORY
321,0,1,1,1,1,0,0,NETWORK_DELAY
322,1,0,0,0,0,0,0,MEMORY
323,1,1,0,0,1,0,1,MEMORY
324,0,1,1,0,0,0,1,MEMORY
325,0,0,1,1,1,0,0,NETWORK_DELAY
326,0,1,0,0,0,1,1,MEMORY
327,0,1,0,0,0,0,1,MEMORY
328,0,0,1,0,0,1,0,NETWORK_DELAY
329,0,0,1,1,0,1,0,NETWORK_DELAY
330,0,0,0,0,0,0,1,MEMORY
331,1,1,0,0,0,0,0,DATABASE_ISSUE
332,1,1,1,0,0,1,1,MEMORY
333,1,1,0,0,0,1,1,MEMORY
334,1,1,1,1,0,0,0,NETWORK_DELAY
335,0,0,0,0,0,0,1,MEMORY
336,1,0,0,1,1,1,1,DATABASE_ISSUE
337,0,1,1,0,0,0,1,MEMORY
338,1,0,1,0,0,1,0,DATABASE_ISSUE
339,1,0,0,1,1,1,0,DATABASE_ISSUE
340,0,0,1,1,1,0,0,NETWORK_DELAY
341,1,0,0,0,1,0,1,NETWORK_DELAY
342,1,0,1,0,0,1,0,DATABASE_ISSUE
343,0,0,0,0,0,1,0,MEMORY
344,1,0,0,0,1,1,0,DATABASE_ISSUE
345,0,1,1,1,1,0,0,NETWORK_DELAY
346,0,0,1,0,0,0,0,NETWORK_DELAY
347,0,1,0,1,1,0,0,NETWORK_DELAY
348,1,1,1,1,1,1,0,DATABASE_ISSUE
349,0,0,1,0,0,0,0,NETWORK_DELAY
350,1,0,0,0,0,1,0,DATABASE_ISSUE
351,0,0,0,0,0,0,1,MEMORY
352,1,0,0,1,1,1,1,DATABASE_ISSUE
353,1,0,0,0,0,1,0,DATABASE_ISSUE
354,1,0,0,0,1,1,1,DATABASE_ISSUE
355,0,0,1,1,1,0,0,NETWORK_DELAY
356,0,1,0,1,0,1,0,MEMORY
357,0,0,1,0,1,0,1,NETWORK_DELAY
358,0,1,1,1,0,0,1,MEMORY
359,1,0,0,0,0,1,0,DATABASE_ISSUE
360,1,0,0,0,1,1,0,DATABASE_ISSUE
361,0,0,1,1,1,0,0,NETWORK_DELAY
362,1,1,0,0,0,1,1,MEMORY
363,1,0,0,0,0,1,0,DATABASE_ISSUE
364,0,1,0,0,0,1,1,MEMORY
365,0,1,1,1,0,1,1,NETWORK_DELAY
366,0,0,0,0,0,0,1,MEMORY
367,1,1,0,1,0,1,0,DATABASE_ISSUE
368,1,0,0,0,0,1,1,DATABASE_ISSUE
369,0,1,0,0,0,1,1,MEMORY
370,0,0,1,1,0,0,0,NETWORK_DELAY
371,1,1,0,1,1,0,1,MEMORY
372,1,1,1,0,0,1,0,DATABASE_ISSUE
373,0,1,0,0,0,0,1,MEMORY
374,1,1,0,0,1,0,1,DATABASE_ISSUE
375,0,0,1,1,1,0,0,NETWORK_DELAY
376,0,1,0,0,0,0,1,MEMORY
377,1,1,1,1,0,0,0,NETWORK_DELAY
378,1,0,1,1,1,0,0,NETWORK_DELAY
379,1,0,1,1,1,0,0,NETWORK_DELAY
380,0,0,1,1,0,0,0,NETWORK_DELAY
381,1,0,1,1,1,0,0,NETWORK_DELAY
382,1,1,0,1,0,1,1,MEMORY
383,0,0,1,1,1,0,0,NETWORK_DELAY
384,0,1,1,0,1,0,1,MEMORY
385,1,0,0,1,0,0,0,NETWORK_DELAY
386,0,0,1,0,0,1,0,NETWORK_DELAY
387,1,1,0,0,0,1,0,DATABASE_ISSUE
388,0,1,0,1,1,0,1,MEMORY
389,0,1,1,0,1,1,1,MEMORY
390,1,0,0,0,0,1,0,DATABASE_ISSUE
391,0,1,0,0,1,0,1,MEMORY
392,0,0,0,0,1,0,0,MEMORY
393,0,1,1,0,1,0,1,MEMORY
394,0,1,0,0,0,0,0,MEMORY
395,0,1,0,0,1,0,1,MEMORY
396,0,0,1,1,1,0,0,NETWORK_DELAY
397,1,0,0,0,0,0,0,DATABASE_ISSUE
398,0,0,0,0,0,0,0,MEMORY
399,1,1,0,1,0,1,1,MEMORY
400,1,1,0,0,1,1,0,MEMORY
401,0,1,0,0,0,0,1,MEMORY
402,0,1,0,1,0,1,1,MEMORY
403,0,0,0,0,0,0,0,NETWORK_DELAY
404,1,0,0,0,1,1,0,DATABASE_ISSUE
405,0,0,0,1,0,0,1,MEMORY
406,0,0,1,1,1,0,0,NETWORK_DELAY
407,0,0,1,1,0,0,0,NETWORK_DELAY
408,1,1,0,0,0,1,0,DATABASE_ISSUE
409,1,0,0,0,0,1,0,DATABASE_ISSUE
410,1,1,1,0,1,0,1,MEMORY
411,0,0,1,1,0,1,0,NETWORK_DELAY
412,0,0,1,1,0,0,0,NETWORK_DELAY
413,0,1,0,0,1,0,0,NETWORK_DELAY
414,1,1,0,0,1,1,0,DATABASE_ISSUE
415,1,1,1,0,0,1,0,DATABASE_ISSUE
416,1,0,0,0,1,1,0,DATABASE_ISSUE
417,0,1,0,0,0,0,0,MEMORY
418,0,0,0,0,1,0,1,MEMORY
419,0,1,0,1,1,0,1,MEMORY
420,0,0,1,1,1,1,1,NETWORK_DELAY
421,0,1,0,1,0,1,0,MEMORY
422,1,1,0,0,1,0,0,DATABASE_ISSUE
423,1,0,1,0,0,1,0,NETWORK_DELAY
424,1,0,0,0,1,1,0,DATABASE_ISSUE
425,1,0,0,0,0,1,0,DATABASE_ISSUE
426,0,0,1,1,1,0,0,NETWORK_DELAY
427,0,1,1,0,1,0,0,NETWORK_DELAY
428,0,0,0,0,1,0,0,NETWORK_DELAY
429,0,1,0,0,0,0,0,MEMORY
430,1,0,0,0,0,1,0,DATABASE_ISSUE
431,0,0,1,1,1,0,0,NETWORK_DELAY
432,1,0,0,0,0,0,0,MEMORY
433,1,0,1,0,0,1,0,DATABASE_ISSUE
434,1,0,0,0,1,0,0,DATABASE_ISSUE
435,0,0,0,0,1,0,1,DATABASE_ISSUE
436,1,1,0,0,1,1,1,DATABASE_ISSUE
437,1,0,0,0,1,0,0,DATABASE_ISSUE
438,0,0,1,1,0,1,1,NETWORK_DELAY
439,0,1,1,0,1,0,1,MEMORY
440,0,1,0,1,1,0,0,MEMORY
441,0,0,1,1,1,1,0,NETWORK_DELAY
442,0,1,0,1,1,1,0,DATABASE_ISSUE
443,0,1,1,0,0,1,0,DATABASE_ISSUE
444,1,1,1,0,1,0,1,MEMORY
445,1,0,0,0,1,1,1,DATABASE_ISSUE
446,0,0,1,1,0,0,0,NETWORK_DELAY
447,1,1,0,1,0,0,1,MEMORY
448,0,0,1,1,1,0,0,NETWORK_DELAY
449,1,0,1,0,0,1,0,DATABASE_ISSUE
450,0,0,1,1,0,0,0,NETWORK_DELAY
451,0,0,1,1,0,1,0,NETWORK_DELAY
452,0,1,0,0,0,1,1,MEMORY
453,1,1,1,1,0,1,1,DATABASE_ISSUE
454,0,0,1,0,0,0,1,NETWORK_DELAY
455,0,0,0,1,1,1,0,DATABASE_ISSUE
456,0,0,0,0,0,1,0,DATABASE_ISSUE
457,1,0,0,1,1,1,0,DATABASE_ISSUE
458,0,0,0,1,0,0,1,NETWORK_DELAY
459,0,1,1,0,1,0,0,NETWORK_DELAY
460,0,1,0,0,1,0,1,MEMORY
461,0,0,1,1,0,1,0,NETWORK_DELAY
462,0,0,1,1,0,0,0,NETWORK_DELAY
463,1,0,1,1,1,0,1,NETWORK_DELAY
464,0,0,0,0,1,1,0,DATABASE_ISSUE
465,1,0,1,1,1,0,0,NETWORK_DELAY
466,0,0,0,1,1,0,1,NETWORK_DELAY
467,0,1,0,0,0,0,1,MEMORY
468,1,0,0,0,0,1,0,DATABASE_ISSUE
469,0,1,0,0,0,0,1,MEMORY
470,0,1,0,0,0,0,0,MEMORY
471,1,1,1,1,0,1,0,DATABASE_ISSUE
472,0,1,1,0,1,1,1,MEMORY
473,0,1,0,1,0,0,0,NETWORK_DELAY
474,0,1,1,1,0,0,1,MEMORY
475,0,1,1,0,0,0,1,MEMORY
476,1,0,0,0,0,0,0,DATABASE_ISSUE
477,0,1,1,1,0,0,1,MEMORY
478,0,1,0,0,1,1,0,MEMORY
479,1,1,0,0,0,0,1,MEMORY
480,0,0,0,0,1,1,0,DATABASE_ISSUE
481,0,0,1,0,0,0,0,NETWORK_DELAY
482,0,1,1,0,0,1,1,MEMORY
483,1,1,0,0,1,1,0,DATABASE_ISSUE
484,1,0,0,0,1,1,0,DATABASE_ISSUE
485,1,0,0,0,1,1,1,MEMORY
486,1,0,0,0,1,1,0,DATABASE_ISSUE
487,0,1,1,0,0,1,0,MEMORY
488,0,0,1,1,0,0,0,NETWORK_DELAY
489,0,0,1,1,1,1,0,DATABASE_ISSUE
490,0,1,0,0,0,0,1,MEMORY
491,1,1,0,0,1,0,1,MEMORY
492,1,1,0,0,0,0,1,MEMORY
493,0,0,1,1,1,0,1,NETWORK_DELAY
494,1,0,1,0,1,0,1,MEMORY
495,1,0,1,1,1,0,0,NETWORK_DELAY
496,1,0,0,1,1,1,1,DATABASE_ISSUE
497,1,0,0,0,1,0,0,DATABASE_ISSUE
498,1,1,0,0,1,0,0,DATABASE_ISSUE
499,1,1,0,0,1,1,1,DATABASE_ISSUE
500,0,0,0,1,0,0,0,MEMORY
501,1,0,0,1,1,1,0,DATABASE_ISSUE
502,0,0,0,1,1,0,0,NETWORK_DELAY
503,1,1,0,0,0,0,0,MEMORY
504,0,1,0,0,1,0,1,MEMORY
505,1,1,0,0,1,1,0,DATABASE_ISSUE
506,1,0,0,0,0,0,0,NETWORK_DELAY
507,1,0,0,1,1,1,0,DATABASE_ISSUE
508,1,0,0,0,0,0,1,MEMORY
509,1,0,0,0,1,1,0,MEMORY
510,0,1,0,0,1,1,0,DATABASE_ISSUE
511,1,0,0,0,1,1,1,DATABASE_ISSUE
512,0,1,0,0,1,1,0,DATABASE_ISSUE
513,0,0,1,1,1,1,1,NETWORK_DELAY
514,1,0,1,0,1,1,0,DATABASE_ISSUE
515,1,0,0,0,1,1,0,DATABASE_ISSUE
516,1,0,0,0,0,1,0,DATABASE_ISSUE
517,1,1,1,0,0,0,1,MEMORY
518,0,0,1,1,1,0,0,NETWORK_DELAY
519,1,0,0,0,0,1,0,DATABASE_ISSUE
520,1,0,0,0,1,0,0,MEMORY
521,1,0,0,0,1,1,0,DATABASE_ISSUE
522,1,0,0,1,1,1,0,DATABASE_ISSUE
523,0,0,1,0,1,0,1,NETWORK_DELAY
524,0,1,0,0,0,0,1,MEMORY
525,0,0,0,1,0,0,1,NETWORK_DELAY
526,0,0,1,1,0,1,0,NETWORK_DELAY
527,0,0,0,0,1,1,0,DATABASE_ISSUE
528,1,1,0,0,1,0,1,MEMORY
529,1,0,0,1,0,1,0,DATABASE_ISSUE
530,0,0,1,1,0,0,0,NETWORK_DELAY
531,0,1,1,1,1,1,0,NETWORK_DELAY
532,0,0,1,0,1,0,0,NETWORK_DELAY
533,1,0,0,0,0,0,0,DATABASE_ISSUE
534,1,0,0,0,1,0,0,DATABASE_ISSUE
535,0,0,1,1,0,0,0,NETWORK_DELAY
536,0,0,0,0,1,0,0,NETWORK_DELAY
537,0,1,1,1,0,1,1,NETWORK_DELAY
538,1,1,0,0,1,0,1,MEMORY
539,1,1,1,1,1,0,1,MEMORY
540,1,1,0,0,1,1,1,MEMORY
541,1,0,1,1,0,0,0,NETWORK_DELAY
542,1,1,0,1,0,1,1,DATABASE_ISSUE
543,0,0,1,1,1,0,0,NETWORK_DELAY
544,1,0,0,1,1,0,1,DATABASE_ISSUE
545,0,0,1,1,1,0,1,NETWORK_DELAY
546,1,0,0,0,0,1,0,DATABASE_ISSUE
547,0,0,1,1,0,0,0,NETWORK_DELAY
548,0,1,0,0,0,0,0,MEMORY
549,1,0,0,0,0,1,1,DATABASE_ISSUE
550,0,1,0,0,0,0,1,MEMORY
551,0,0,1,1,0,0,1,NETWORK_DELAY
552,0,1,0,0,0,1,0,MEMORY
553,0,1,0,0,0,0,1,NETWORK_DELAY
554,0,0,1,0,0,0,0,NETWORK_DELAY
555,1,1,0,0,0,1,1,MEMORY
556,0,1,1,1,1,0,0,NETWORK_DELAY
557,1,0,0,1,1,1,1,DATABASE_ISSUE
558,1,1,1,1,0,0,0,DATABASE_ISSUE
559,1,0,1,1,0,0,0,NETWORK_DELAY
560,0,0,1,0,1,0,0,NETWORK_DELAY
561,1,1,0,0,1,0,0,MEMORY
562,1,0,0,0,0,0,1,MEMORY
563,1,0,0,0,0,0,0,DATABASE_ISSUE
564,0,0,0,0,1,0,0,DATABASE_ISSUE
565,1,1,1,0,0,1,0,DATABASE_ISSUE
566,1,1,0,0,1,0,0,MEMORY
567,1,0,0,0,1,0,0,DATABASE_ISSUE
568,1,1,1,1,1,1,0,NETWORK_DELAY
569,0,0,1,1,0,0,1,NETWORK_DELAY
570,0,0,0,0,0,0,0,MEMORY
571,1,0,0,0,1,1,0,DATABASE_ISSUE
572,0,0,0,1,0,1,0,NETWORK_DELAY
573,0,0,1,0,0,1,0,NETWORK_DELAY
574,1,1,0,0,1,0,1,DATABASE_ISSUE
575,1,0,0,0,1,0,0,DATABASE_ISSUE
576,1,1,1,0,0,1,1,DATABASE_ISSUE
577,0,0,1,1,0,1,0,NETWORK_DELAY
578,1,0,0,1,1,1,1,NETWORK_DELAY
579,1,0,0,0,1,0,0,DATABASE_ISSUE
580,0,1,1,1,0,1,1,NETWORK_DELAY
581,1,1,0,0,1,1,1,MEMORY
582,0,0,1,0,1,1,0,NETWORK_DELAY
583,0,0,0,0,0,1,0,DATABASE_ISSUE
584,1,0,0,1,1,1,0,DATABASE_ISSUE
585,0,0,1,1,0,1,1,NETWORK_DELAY
586,1,1,0,0,0,0,0,DATABASE_ISSUE
587,0,0,1,1,0,0,0,NETWORK_DELAY
588,0,0,1,1,1,1,0,NETWORK_DELAY
589,1,1,1,1,1,0,0,NETWORK_DELAY
590,1,1,0,1,0,1,0,DATABASE_ISSUE
591,1,1,0,1,1,1,0,DATABASE_ISSUE
592,1,0,0,1,1,1,0,DATABASE_ISSUE
593,0,0,0,0,0,0,1,DATABASE_ISSUE
594,1,1,0,0,1,0,1,MEMORY
595,0,1,1,0,1,0,0,MEMORY
596,0,0,0,0,0,0,1,DATABASE_ISSUE
597,0,0,0,1,0,0,0,NETWORK_DELAY
598,1,1,1,0,0,0,0,MEMORY
599,0,1,1,1,1,0,0,NETWORK_DELAY
600,1,0,0,0,1,1,0,DATABASE_ISSUE
601,0,0,0,0,1,0,1,MEMORY
602,0,0,0,0,0,0,1,MEMORY
603,0,1,1,0,0,1,1,MEMORY
604,0,1,0,1,1,0,1,MEMORY
605,1,1,0,1,0,1,0,NETWORK_DELAY
606,0,0,1,1,0,0,0,NETWORK_DELAY
607,1,0,0,1,1,0,0,NETWORK_DELAY
608,0,0,0,1,1,0,1,DATABASE_ISSUE
609,0,1,0,0,1,0,1,MEMORY
610,0,0,0,1,1,0,1,NETWORK_DELAY
611,1,0,0,0,0,0,1,MEMORY
612,1,0,1,0,0,0,0,DATABASE_ISSUE
613,0,1,0,0,0,1,1,MEMORY
614,0,1,1,0,0,1,0,DATABASE_ISSUE
615,1,0,1,0,1,0,0,NETWORK_DELAY
616,1,0,0,0,1,0,1,MEMORY
617,0,1,0,0,0,1,1,MEMORY
618,0,1,0,1,0,0,1,MEMORY
619,0,1,1,0,0,1,0,NETWORK_DELAY
620,0,1,0,0,0,0,0,MEMORY
621,0,1,1,1,1,0,0,NETWORK_DELAY
622,1,0,0,0,0,0,0,MEMORY
623,1,1,0,0,1,0,1,MEMORY
624,0,1,1,0,0,0,1,MEMORY
625,0,0,1,1,1,0,0,NETWORK_DELAY
626,0,1,0,0,0,1,1,MEMORY
627,0,1,0,0,0,0,1,MEMORY
628,0,0,1,0,0,1,0,NETWORK_DELAY
629,0,0,1,1,0,1,0,NETWORK_DELAY
630,0,0,0,0,0,0,1,MEMORY
631,1,1,0,0,0,0,0,DATABASE_ISSUE
632,1,1,1,0,0,1,1,MEMORY
633,1,1,0,0,0,1,1,MEMORY
634,1,1,1,1,0,0,0,NETWORK_DELAY
635,0,0,0,0,0,0,1,MEMORY
636,1,0,0,1,1,1,1,DATABASE_ISSUE
637,0,1,1,0,0,0,1,MEMORY
638,1,0,1,0,0,1,0,DATABASE_ISSUE
639,1,0,0,1,1,1,0,DATABASE_ISSUE
640,0,0,1,1,1,0,0,NETWORK_DELAY
641,1,0,0,0,1,0,1,NETWORK_DELAY
642,1,0,1,0,0,1,0,DATABASE_ISSUE
643,0,0,0,0,0,1,0,MEMORY
644,1,0,0,0,1,1,0,DATABASE_ISSUE
645,0,1,1,1,1,0,0,NETWORK_DELAY
646,0,0,1,0,0,0,0,NETWORK_DELAY
647,0,1,0,1,1,0,0,NETWORK_DELAY
648,1,1,1,1,1,1,0,DATABASE_ISSUE
649,0,0,1,0,0,0,0,NETWORK_DELAY
650,1,0,0,0,0,1,0,DATABASE_ISSUE
651,0,0,0,0,0,0,1,MEMORY
652,1,0,0,1,1,1,1,DATABASE_ISSUE
653,1,0,0,0,0,1,0,DATABASE_ISSUE
654,1,0,0,0,1,1,1,DATABASE_ISSUE
655,0,0,1,1,1,0,0,NETWORK_DELAY
656,0,1,0,1,0,1,0,MEMORY
657,0,0,1,0,1,0,1,NETWORK_DELAY
658,0,1,1,1,0,0,1,MEMORY
659,1,0,0,0,0,1,0,DATABASE_ISSUE
660,1,0,0,0,1,1,0,DATABASE_ISSUE
661,0,0,1,1,1,0,0,NETWORK_DELAY
662,1,1,0,0,0,1,1,MEMORY
663,1,0,0,0,0,1,0,DATABASE_ISSUE
664,0,1,0,0,0,1,1,MEMORY
665,0,1,1,1,0,1,1,NETWORK_DELAY
666,0,0,0,0,0,0,1,MEMORY
667,1,1,0,1,0,1,0,DATABASE_ISSUE
668,1,0,0,0,0,1,1,DATABASE_ISSUE
669,0,1,0,0,0,1,1,MEMORY
670,0,0,1,1,0,0,0,NETWORK_DELAY
671,1,1,0,1,1,0,1,MEMORY
672,1,1,1,0,0,1,0,DATABASE_ISSUE
673,0,1,0,0,0,0,1,MEMORY
674,1,1,0,0,1,0,1,DATABASE_ISSUE
675,0,0,1,1,1,0,0,NETWORK_DELAY
676,0,1,0,0,0,0,1,MEMORY
677,1,1,1,1,0,0,0,NETWORK_DELAY
678,1,0,1,1,1,0,0,NETWORK_DELAY
679,1,0,1,1,1,0,0,NETWORK_DELAY
680,0,0,1,1,0,0,0,NETWORK_DELAY
681,1,0,1,1,1,0,0,NETWORK_DELAY
682,1,1,0,1,0,1,1,MEMORY
683,0,0,1,1,1,0,0,NETWORK_DELAY
684,0,1,1,0,1,0,1,MEMORY
685,1,0,0,1,0,0,0,NETWORK_DELAY
686,0,0,1,0,0,1,0,NETWORK_DELAY
687,1,1,0,0,0,1,0,DATABASE_ISSUE
688,0,1,0,1,1,0,1,MEMORY
689,0,1,1,0,1,1,1,MEMORY
690,1,0,0,0,0,1,0,DATABASE_ISSUE
691,0,1,0,0,1,0,1,MEMORY
692,0,0,0,0,1,0,0,MEMORY
693,0,1,1,0,1,0,1,MEMORY
694,0,1,0,0,0,0,0,MEMORY
695,0,1,0,0,1,0,1,MEMORY
696,0,0,1,1,1,0,0,NETWORK_DELAY
697,1,0,0,0,0,0,0,DATABASE_ISSUE
698,0,0,0,0,0,0,0,MEMORY
699,1,1,0,1,0,1,1,MEMORY
700,1,1,0,0,1,1,0,MEMORY
701,0,1,0,0,0,0,1,MEMORY
702,0,1,0,1,0,1,1,MEMORY
703,0,0,0,0,0,0,0,NETWORK_DELAY
704,1,0,0,0,1,1,0,DATABASE_ISSUE
705,0,0,0,1,0,0,1,MEMORY
706,0,0,1,1,1,0,0,NETWORK_DELAY
707,0,0,1,1,0,0,0,NETWORK_DELAY
708,1,1,0,0,0,1,0,DATABASE_ISSUE
709,1,0,0,0,0,1,0,DATABASE_ISSUE
710,1,1,1,0,1,0,1,MEMORY
711,0,0,1,1,0,1,0,NETWORK_DELAY
712,0,0,1,1,0,0,0,NETWORK_DELAY
713,0,1,0,0,1,0,0,NETWORK_DELAY
714,1,1,0,0,1,1,0,DATABASE_ISSUE
715,1,1,1,0,0,1,0,DATABASE_ISSUE
716,1,0,0,0,1,1,0,DATABASE_ISSUE
717,0,1,0,0,0,0,0,MEMORY
718,0,0,0,0,1,0,1,MEMORY
719,0,1,0,1,1,0,1,MEMORY
720,0,0,1,1,1,1,1,NETWORK_DELAY
721,0,1,0,1,0,1,0,MEMORY
722,1,1,0,0,1,0,0,DATABASE_ISSUE
723,1,0,1,0,0,1,0,NETWORK_DELAY
724,1,0,0,0,1,1,0,DATABASE_ISSUE
725,1,0,0,0,0,1,0,DATABASE_ISSUE
726,0,0,1,1,1,0,0,NETWORK_DELAY
727,0,1,1,0,1,0,0,NETWORK_DELAY
728,0,0,0,0,1,0,0,NETWORK_DELAY
729,0,1,0,0,0,0,0,MEMORY
730,1,0,0,0,0,1,0,DATABASE_ISSUE
731,0,0,1,1,1,0,0,NETWORK_DELAY
732,1,0,0,0,0,0,0,MEMORY
733,1,0,1,0,0,1,0,DATABASE_ISSUE
734,1,0,0,0,1,0,0,DATABASE_ISSUE
735,0,0,0,0,1,0,1,DATABASE_ISSUE
736,1,1,0,0,1,1,1,DATABASE_ISSUE
737,1,0,0,0,1,0,0,DATABASE_ISSUE
738,0,0,1,1,0,1,1,NETWORK_DELAY
739,0,1,1,0,1,0,1,MEMORY
740,0,1,0,1,1,0,0,MEMORY
741,0,0,1,1,1,1,0,NETWORK_DELAY
742,0,1,0,1,1,1,0,DATABASE_ISSUE
743,0,1,1,0,0,1,0,DATABASE_ISSUE
744,1,1,1,0,1,0,1,MEMORY
745,1,0,0,0,1,1,1,DATABASE_ISSUE
746,0,0,1,1,0,0,0,NETWORK_DELAY
747,1,1,0,1,0,0,1,MEMORY
748,0,0,1,1,1,0,0,NETWORK_DELAY
749,1,0,1,0,0,1,0,DATABASE_ISSUE
750,0,0,1,1,0,0,0,NETWORK_DELAY
751,0,0,1,1,0,1,0,NETWORK_DELAY
752,0,1,0,0,0,1,1,MEMORY
753,1,1,1,1,0,1,1,DATABASE_ISSUE
754,0,0,1,0,0,0,1,NETWORK_DELAY
755,0,0,0,1,1,1,0,DATABASE_ISSUE
756,0,0,0,0,0,1,0,DATABASE_ISSUE
757,1,0,0,1,1,1,0,DATABASE_ISSUE
758,0,0,0,1,0,0,1,NETWORK_DELAY
759,0,1,1,0,1,0,0,NETWORK_DELAY
760,0,1,0,0,1,0,1,MEMORY
761,0,0,1,1,0,1,0,NETWORK_DELAY
762,0,0,1,1,0,0,0,NETWORK_DELAY
763,1,0,1,1,1,0,1,NETWORK_DELAY
764,0,0,0,0,1,1,0,DATABASE_ISSUE
765,1,0,1,1,1,0,0,NETWORK_DELAY
766,0,0,0,1,1,0,1,NETWORK_DELAY
767,0,1,0,0,0,0,1,MEMORY
768,1,0,0,0,0,1,0,DATABASE_ISSUE
769,0,1,0,0,0,0,1,MEMORY
770,0,1,0,0,0,0,0,MEMORY
771,1,1,1,1,0,1,0,DATABASE_ISSUE
772,0,1,1,0,1,1,1,MEMORY
773,0,1,0,1,0,0,0,NETWORK_DELAY
774,0,1,1,1,0,0,1,MEMORY
775,0,1,1,0,0,0,1,MEMORY
776,1,0,0,0,0,0,0,DATABASE_ISSUE
777,0,1,1,1,0,0,1,MEMORY
778,0,1,0,0,1,1,0,MEMORY
779,1,1,0,0,0,0,1,MEMORY
780,0,0,0,0,1,1,0,DATABASE_ISSUE
781,0,0,1,0,0,0,0,NETWORK_DELAY
782,0,1,1,0,0,1,1,MEMORY
783,1,1,0,0,1,1,0,DATABASE_ISSUE
784,1,0,0,0,1,1,0,DATABASE_ISSUE
785,1,0,0,0,1,1,1,MEMORY
786,1,0,0,0,1,1,0,DATABASE_ISSUE
787,0,1,1,0,0,1,0,MEMORY
788,0,0,1,1,0,0,0,NETWORK_DELAY
789,0,0,1,1,1,1,0,DATABASE_ISSUE
790,0,1,0,0,0,0,1,MEMORY
791,1,1,0,0,1,0,1,MEMORY
792,1,1,0,0,0,0,1,MEMORY
793,0,0,1,1,1,0,1,NETWORK_DELAY
794,1,0,1,0,1,0,1,MEMORY
795,1,0,1,1,1,0,0,NETWORK_DELAY
796,1,0,0,1,1,1,1,DATABASE_ISSUE
797,1,0,0,0,1,0,0,DATABASE_ISSUE
798,1,1,0,0,1,0,0,DATABASE_ISSUE
799,1,1,0,0,1,1,1,DATABASE_ISSUE
800,0,0,0,1,0,0,0,MEMORY
801,1,0,0,1,1,1,0,DATABASE_ISSUE
802,0,0,0,1,1,0,0,NETWORK_DELAY
803,1,1,0,0,0,0,0,MEMORY
804,0,1,0,0,1,0,1,MEMORY
805,1,1,0,0,1,1,0,DATABASE_ISSUE
806,1,0,0,0,0,0,0,NETWORK_DELAY
807,1,0,0,1,1,1,0,DATABASE_ISSUE
808,1,0,0,0,0,0,1,MEMORY
809,1,0,0,0,1,1,0,MEMORY
810,0,1,0,0,1,1,0,DATABASE_ISSUE
811,1,0,0,0,1,1,1,DATABASE_ISSUE
812,0,1,0,0,1,1,0,DATABASE_ISSUE
813,0,0,1,1,1,1,1,NETWORK_DELAY
814,1,0,1,0,1,1,0,DATABASE_ISSUE
815,1,0,0,0,1,1,0,DATABASE_ISSUE
816,1,0,0,0,0,1,0,DATABASE_ISSUE
817,1,1,1,0,0,0,1,MEMORY
818,0,0,1,1,1,0,0,NETWORK_DELAY
819,1,0,0,0,0,1,0,DATABASE_ISSUE
820,1,0,0,0,1,0,0,MEMORY
821,1,0,0,0,1,1,0,DATABASE_ISSUE
822,1,0,0,1,1,1,0,DATABASE_ISSUE
823,0,0,1,0,1,0,1,NETWORK_DELAY
824,0,1,0,0,0,0,1,MEMORY
825,0,0,0,1,0,0,1,NETWORK_DELAY
826,0,0,1,1,0,1,0,NETWORK_DELAY
827,0,0,0,0,1,1,0,DATABASE_ISSUE
828,1,1,0,0,1,0,1,MEMORY
829,1,0,0,1,0,1,0,DATABASE_ISSUE
830,0,0,1,1,0,0,0,NETWORK_DELAY
831,0,1,1,1,1,1,0,NETWORK_DELAY
832,0,0,1,0,1,0,0,NETWORK_DELAY
833,1,0,0,0,0,0,0,DATABASE_ISSUE
834,1,0,0,0,1,0,0,DATABASE_ISSUE
835,0,0,1,1,0,0,0,NETWORK_DELAY
836,0,0,0,0,1,0,0,NETWORK_DELAY
837,0,1,1,1,0,1,1,NETWORK_DELAY
838,1,1,0,0,1,0,1,MEMORY
839,1,1,1,1,1,0,1,MEMORY
840,1,1,0,0,1,1,1,MEMORY
841,1,0,1,1,0,0,0,NETWORK_DELAY
842,1,1,0,1,0,1,1,DATABASE_ISSUE
843,0,0,1,1,1,0,0,NETWORK_DELAY
844,1,0,0,1,1,0,1,DATABASE_ISSUE
845,0,0,1,1,1,0,1,NETWORK_DELAY
846,1,0,0,0,0,1,0,DATABASE_ISSUE
847,0,0,1,1,0,0,0,NETWORK_DELAY
848,0,1,0,0,0,0,0,MEMORY
849,1,0,0,0,0,1,1,DATABASE_ISSUE
850,0,1,0,0,0,0,1,MEMORY
851,0,0,1,1,0,0,1,NETWORK_DELAY
852,0,1,0,0,0,1,0,MEMORY
853,0,1,0,0,0,0,1,NETWORK_DELAY
854,0,0,1,0,0,0,0,NETWORK_DELAY
855,1,1,0,0,0,1,1,MEMORY
856,0,1,1,1,1,0,0,NETWORK_DELAY
857,1,0,0,1,1,1,1,DATABASE_ISSUE
858,1,1,1,1,0,0,0,DATABASE_ISSUE
859,1,0,1,1,0,0,0,NETWORK_DELAY
860,0,0,1,0,1,0,0,NETWORK_DELAY
861,1,1,0,0,1,0,0,MEMORY
862,1,0,0,0,0,0,1,MEMORY
863,1,0,0,0,0,0,0,DATABASE_ISSUE
864,0,0,0,0,1,0,0,DATABASE_ISSUE
865,1,1,1,0,0,1,0,DATABASE_ISSUE
866,1,1,0,0,1,0,0,MEMORY
867,1,0,0,0,1,0,0,DATABASE_ISSUE
868,1,1,1,1,1,1,0,NETWORK_DELAY
869,0,0,1,1,0,0,1,NETWORK_DELAY
870,0,0,0,0,0,0,0,MEMORY
871,1,0,0,0,1,1,0,DATABASE_ISSUE
872,0,0,0,1,0,1,0,NETWORK_DELAY
873,0,0,1,0,0,1,0,NETWORK_DELAY
874,1,1,0,0,1,0,1,DATABASE_ISSUE
875,1,0,0,0,1,0,0,DATABASE_ISSUE
876,1,1,1,0,0,1,1,DATABASE_ISSUE
877,0,0,1,1,0,1,0,NETWORK_DELAY
878,1,0,0,1,1,1,1,NETWORK_DELAY
879,1,0,0,0,1,0,0,DATABASE_ISSUE
880,0,1,1,1,0,1,1,NETWORK_DELAY
881,1,1,0,0,1,1,1,MEMORY
882,0,0,1,0,1,1,0,NETWORK_DELAY
883,0,0,0,0,0,1,0,DATABASE_ISSUE
884,1,0,0,1,1,1,0,DATABASE_ISSUE
885,0,0,1,1,0,1,1,NETWORK_DELAY
886,1,1,0,0,0,0,0,DATABASE_ISSUE
887,0,0,1,1,0,0,0,NETWORK_DELAY
888,0,0,1,1,1,1,0,NETWORK_DELAY
889,1,1,1,1,1,0,0,NETWORK_DELAY
890,1,1,0,1,0,1,0,DATABASE_ISSUE
891,1,1,0,1,1,1,0,DATABASE_ISSUE
892,1,0,0,1,1,1,0,DATABASE_ISSUE
893,0,0,0,0,0,0,1,DATABASE_ISSUE
894,1,1,0,0,1,0,1,MEMORY
895,0,1,1,0,1,0,0,MEMORY
896,0,0,0,0,0,0,1,DATABASE_ISSUE
897,0,0,0,1,0,0,0,NETWORK_DELAY
898,1,1,1,0,0,0,0,MEMORY
899,0,1,1,1,1,0,0,NETWORK_DELAY
900,1,0,0,0,1,1,0,DATABASE_ISSUE
901,1,0,0,1,1,1,0,DATABASE_ISSUE
902,0,0,0,1,1,0,0,NETWORK_DELAY
903,1,1,0,0,0,0,0,MEMORY
904,0,1,0,0,1,0,1,MEMORY
905,1,1,0,0,1,1,0,DATABASE_ISSUE
906,1,0,0,0,0,0,0,NETWORK_DELAY
907,1,0,0,1,1,1,0,DATABASE_ISSUE
908,1,0,0,0,0,0,1,MEMORY
909,1,0,0,0,1,1,0,MEMORY
910,0,1,0,0,1,1,0,DATABASE_ISSUE
911,1,0,0,0,1,1,1,DATABASE_ISSUE
912,0,1,0,0,1,1,0,DATABASE_ISSUE
913,0,0,1,1,1,1,1,NETWORK_DELAY
914,1,0,1,0,1,1,0,DATABASE_ISSUE
915,1,0,0,0,1,1,0,DATABASE_ISSUE
916,1,0,0,0,0,1,0,DATABASE_ISSUE
917,1,1,1,0,0,0,1,MEMORY
918,0,0,1,1,1,0,0,NETWORK_DELAY
919,1,0,0,0,0,1,0,DATABASE_ISSUE
920,1,0,0,0,1,0,0,MEMORY
921,1,0,0,0,1,1,0,DATABASE_ISSUE
922,1,0,0,1,1,1,0,DATABASE_ISSUE
923,0,0,1,0,1,0,1,NETWORK_DELAY
924,0,1,0,0,0,0,1,MEMORY
925,0,0,0,1,0,0,1,NETWORK_DELAY
926,0,0,1,1,0,1,0,NETWORK_DELAY
927,0,0,0,0,1,1,0,DATABASE_ISSUE
928,1,1,0,0,1,0,1,MEMORY
929,1,0,0,1,0,1,0,DATABASE_ISSUE
930,0,0,1,1,0,0,0,NETWORK_DELAY
931,0,1,1,1,1,1,0,NETWORK_DELAY
932,0,0,1,0,1,0,0,NETWORK_DELAY
933,1,0,0,0,0,0,0,DATABASE_ISSUE
934,1,0,0,0,1,0,0,DATABASE_ISSUE
935,0,0,1,1,0,0,0,NETWORK_DELAY
936,0,0,0,0,1,0,0,NETWORK_DELAY
937,0,1,1,1,0,1,1,NETWORK_DELAY
938,1,1,0,0,1,0,1,MEMORY
939,1,1,1,1,1,0,1,MEMORY
940,1,1,0,0,1,1,1,MEMORY
941,1,0,1,1,0,0,0,NETWORK_DELAY
942,1,1,0,1,0,1,1,DATABASE_ISSUE
943,0,0,1,1,1,0,0,NETWORK_DELAY
944,1,0,0,1,1,0,1,DATABASE_ISSUE
945,0,0,1,1,1,0,1,NETWORK_DELAY
946,1,0,0,0,0,1,0,DATABASE_ISSUE
947,0,0,1,1,0,0,0,NETWORK_DELAY
948,0,1,0,0,0,0,0,MEMORY
949,1,0,0,0,0,1,1,DATABASE_ISSUE
950,0,1,0,0,0,0,1,MEMORY
951,0,0,1,1,0,0,1,NETWORK_DELAY
952,0,1,0,0,0,1,0,MEMORY
953,0,1,0,0,0,0,1,NETWORK_DELAY
954,0,0,1,0,0,0,0,NETWORK_DELAY
955,1,1,0,0,0,1,1,MEMORY
956,0,1,1,1,1,0,0,NETWORK_DELAY
957,1,0,0,1,1,1,1,DATABASE_ISSUE
958,1,1,1,1,0,0,0,DATABASE_ISSUE
959,1,0,1,1,0,0,0,NETWORK_DELAY
960,0,0,1,0,1,0,0,NETWORK_DELAY
961,1,1,0,0,1,0,0,MEMORY
962,1,0,0,0,0,0,1,MEMORY
963,1,0,0,0,0,0,0,DATABASE_ISSUE
964,0,0,0,0,1,0,0,DATABASE_ISSUE
965,1,1,1,0,0,1,0,DATABASE_ISSUE
966,1,1,0,0,1,0,0,MEMORY
967,1,0,0,0,1,0,0,DATABASE_ISSUE
968,1,1,1,1,1,1,0,NETWORK_DELAY
969,0,0,1,1,0,0,1,NETWORK_DELAY
970,0,0,0,0,0,0,0,MEMORY
971,1,0,0,0,1,1,0,DATABASE_ISSUE
972,0,0,0,1,0,1,0,NETWORK_DELAY
973,0,0,1,0,0,1,0,NETWORK_DELAY
974,1,1,0,0,1,0,1,DATABASE_ISSUE
975,1,0,0,0,1,0,0,DATABASE_ISSUE
976,1,1,1,0,0,1,1,DATABASE_ISSUE
977,0,0,1,1,0,1,0,NETWORK_DELAY
978,1,0,0,1,1,1,1,NETWORK_DELAY
979,1,0,0,0,1,0,0,DATABASE_ISSUE
980,0,1,1,1,0,1,1,NETWORK_DELAY
981,1,1,0,0,1,1,1,MEMORY
982,0,0,1,0,1,1,0,NETWORK_DELAY
983,0,0,0,0,0,1,0,DATABASE_ISSUE
984,1,0,0,1,1,1,0,DATABASE_ISSUE
985,0,0,1,1,0,1,1,NETWORK_DELAY
986,1,1,0,0,0,0,0,DATABASE_ISSUE
987,0,0,1,1,0,0,0,NETWORK_DELAY
988,0,0,1,1,1,1,0,NETWORK_DELAY
989,1,1,1,1,1,0,0,NETWORK_DELAY
990,1,1,0,1,0,1,0,DATABASE_ISSUE
991,1,1,0,1,1,1,0,DATABASE_ISSUE
992,1,0,0,1,1,1,0,DATABASE_ISSUE
993,0,0,0,0,0,0,1,DATABASE_ISSUE
994,1,1,0,0,1,0,1,MEMORY
995,0,1,1,0,1,0,0,MEMORY
996,0,0,0,0,0,0,1,DATABASE_ISSUE
997,0,0,0,1,0,0,0,NETWORK_DELAY
998,1,1,1,0,0,0,0,MEMORY
999,0,1,1,1,1,0,0,NETWORK_DELAY
1000,1,0,0,0,1,1,0,DATABASE_ISSUE
